{
  "file_path": "C:\\Users\\lalit\\new-forest-fire\\backend\\data\\bastar\\Bastar_2019_02_21_to_2019_02_25.tif",
  "file_name": "Bastar_2019_02_21_to_2019_02_25.tif",
  "file_size_bytes": 218283,
  "driver": "GTiff",
  "dtype": "float32",
  "width": 177,
  "height": 179,
  "count": 6,
  "crs": "EPSG:4326",
  "transform": [
    0.008983152841195215,
    0.0,
    80.65074620825064,
    0.0,
    -0.008983152841195215,
    20.194127587006843,
    0.0,
    0.0,
    1.0
  ],
  "bounds": {
    "left": 80.65074620825064,
    "bottom": 18.5861432284329,
    "right": 82.24076426114219,
    "top": 20.194127587006843
  },
  "res": [
    0.008983152841195215,
    0.008983152841195215
  ],
  "nodata": null,
  "global_tags": {
    "AREA_OR_POINT": "Area"
  },
  "per_band": [
    {
      "band_index": 1,
      "raw_stats": {
        "min": -9999.0,
        "max": -9999.0,
        "mean": -9999.0009765625,
        "std": 0.0009765625,
        "median": -9999.0,
        "q1": -9999.0,
        "q3": -9999.0,
        "iqr": 0.0
      },
      "cleaned_stats": {
        "min": -9999.0,
        "max": -9999.0,
        "mean": -9999.0009765625,
        "std": 0.0009765625,
        "median": -9999.0,
        "q1": -9999.0,
        "q3": -9999.0,
        "iqr": 0.0
      },
      "pct_missing": 0.5586592178770949,
      "pct_outliers_clipped": 0.0,
      "clip_bounds": [
        -9999.0,
        -9999.0
      ],
      "median_imputed_value": -9999.0,
      "tags": {}
    },
    {
      "band_index": 2,
      "raw_stats": {
        "min": -9999.0,
        "max": -9999.0,
        "mean": -9999.0009765625,
        "std": 0.0009765625,
        "median": -9999.0,
        "q1": -9999.0,
        "q3": -9999.0,
        "iqr": 0.0
      },
      "cleaned_stats": {
        "min": -9999.0,
        "max": -9999.0,
        "mean": -9999.0009765625,
        "std": 0.0009765625,
        "median": -9999.0,
        "q1": -9999.0,
        "q3": -9999.0,
        "iqr": 0.0
      },
      "pct_missing": 0.5586592178770949,
      "pct_outliers_clipped": 0.0,
      "clip_bounds": [
        -9999.0,
        -9999.0
      ],
      "median_imputed_value": -9999.0,
      "tags": {}
    },
    {
      "band_index": 3,
      "raw_stats": {
        "min": 0.0,
        "max": 20.0,
        "mean": 1.853139042854309,
        "std": 2.2510178089141846,
        "median": 1.0,
        "q1": 1.0,
        "q3": 2.0,
        "iqr": 1.0
      },
      "cleaned_stats": {
        "min": 0.0,
        "max": 3.5,
        "mean": 1.4302623271942139,
        "std": 1.2128019332885742,
        "median": 1.0,
        "q1": 1.0,
        "q3": 2.0,
        "iqr": 1.0
      },
      "pct_missing": 0.5586592178770949,
      "pct_outliers_clipped": 16.267398920556765,
      "clip_bounds": [
        -0.5,
        3.5
      ],
      "median_imputed_value": 1.0,
      "tags": {}
    },
    {
      "band_index": 4,
      "raw_stats": {
        "min": 0.0,
        "max": 359.0,
        "mean": 179.51199340820312,
        "std": 101.50990295410156,
        "median": 184.0,
        "q1": 90.0,
        "q3": 265.0,
        "iqr": 175.0
      },
      "cleaned_stats": {
        "min": 0.0,
        "max": 359.0,
        "mean": 179.5370635986328,
        "std": 101.22651672363281,
        "median": 184.0,
        "q1": 90.0,
        "q3": 265.0,
        "iqr": 175.0
      },
      "pct_missing": 0.5586592178770949,
      "pct_outliers_clipped": 0.0,
      "clip_bounds": [
        -172.5,
        527.5
      ],
      "median_imputed_value": 184.0,
      "tags": {}
    },
    {
      "band_index": 5,
      "raw_stats": {
        "min": 18.59961700439453,
        "max": 20.18963623046875,
        "mean": 19.39462661743164,
        "std": 0.46158459782600403,
        "median": 19.39462661743164,
        "q1": 18.994876861572266,
        "q3": 19.794376373291016,
        "iqr": 0.79949951171875
      },
      "cleaned_stats": {
        "min": 18.59961700439453,
        "max": 20.18963623046875,
        "mean": 19.394628524780273,
        "std": 0.4602934718132019,
        "median": 19.39462661743164,
        "q1": 18.994876861572266,
        "q3": 19.794376373291016,
        "iqr": 0.79949951171875
      },
      "pct_missing": 0.5586592178770949,
      "pct_outliers_clipped": 0.0,
      "clip_bounds": [
        17.79562759399414,
        20.99362564086914
      ],
      "median_imputed_value": 19.39462661743164,
      "tags": {}
    },
    {
      "band_index": 6,
      "raw_stats": {
        "min": 80.65523529052734,
        "max": 82.23627471923828,
        "mean": 81.44575500488281,
        "std": 0.4589913785457611,
        "median": 81.44575500488281,
        "q1": 81.05049896240234,
        "q3": 81.84101104736328,
        "iqr": 0.7905120849609375
      },
      "cleaned_stats": {
        "min": 80.65523529052734,
        "max": 82.23627471923828,
        "mean": 81.44575500488281,
        "std": 0.4577074646949768,
        "median": 81.44575500488281,
        "q1": 81.05049896240234,
        "q3": 81.84101104736328,
        "iqr": 0.7905120849609375
      },
      "pct_missing": 0.5586592178770949,
      "pct_outliers_clipped": 0.0,
      "clip_bounds": [
        79.86473083496094,
        83.02677917480469
      ],
      "median_imputed_value": 81.44575500488281,
      "tags": {}
    }
  ],
  "cleaning": {
    "missing_strategy": "median_imputation",
    "outlier_strategy": "IQR_clipping_1.5",
    "notes": "Stats (cleaned_stats) computed after impute+clip."
  },
  "preview_png": "C:\\Users\\lalit\\new-forest-fire\\backend\\data\\bastar\\bastar_preprocessed_data\\Bastar_2019_02_21_to_2019_02_25_preview.png"
}