{
  "file_path": "C:\\Users\\lalit\\new-forest-fire\\backend\\data\\kodagu\\Kodagu_2023_Apr10_15.tif",
  "file_name": "Kodagu_2023_Apr10_15.tif",
  "file_size_bytes": 37287,
  "driver": "GTiff",
  "dtype": "float32",
  "width": 92,
  "height": 101,
  "count": 4,
  "crs": "EPSG:4326",
  "transform": [
    0.008983152841195215,
    0.0,
    75.3640858166564,
    0.0,
    -0.008983152841195215,
    12.829464430883924,
    0.0,
    0.0,
    1.0
  ],
  "bounds": {
    "left": 75.3640858166564,
    "bottom": 11.922165993923207,
    "right": 76.19053587804636,
    "top": 12.829464430883924
  },
  "res": [
    0.008983152841195215,
    0.008983152841195215
  ],
  "nodata": null,
  "global_tags": {
    "AREA_OR_POINT": "Area"
  },
  "per_band": [
    {
      "band_index": 1,
      "raw_stats": {
        "min": 0.0,
        "max": 26.0,
        "mean": 4.341715335845947,
        "std": 4.63421630859375,
        "median": 2.0,
        "q1": 1.0,
        "q3": 7.0,
        "iqr": 6.0
      },
      "cleaned_stats": {
        "min": 0.0,
        "max": 16.0,
        "mean": 3.089001178741455,
        "std": 3.2655043601989746,
        "median": 2.0,
        "q1": 2.0,
        "q3": 2.0,
        "iqr": 0.0
      },
      "pct_missing": 52.066293585880324,
      "pct_outliers_clipped": 1.1730520878174775,
      "clip_bounds": [
        -8.0,
        16.0
      ],
      "median_imputed_value": 2.0,
      "tags": {}
    },
    {
      "band_index": 2,
      "raw_stats": {
        "min": 0.0,
        "max": 359.0,
        "mean": 167.5628662109375,
        "std": 101.85115051269531,
        "median": 176.0,
        "q1": 75.0,
        "q3": 245.0,
        "iqr": 170.0
      },
      "cleaned_stats": {
        "min": 0.0,
        "max": 359.0,
        "mean": 171.9557647705078,
        "std": 70.64165496826172,
        "median": 176.0,
        "q1": 176.0,
        "q3": 176.0,
        "iqr": 0.0
      },
      "pct_missing": 52.066293585880324,
      "pct_outliers_clipped": 0.0,
      "clip_bounds": [
        -180.0,
        500.0
      ],
      "median_imputed_value": 176.0,
      "tags": {}
    },
    {
      "band_index": 3,
      "raw_stats": {
        "min": 11.926657676696777,
        "max": 12.824973106384277,
        "mean": 12.322188377380371,
        "std": 0.20836079120635986,
        "median": 12.312932968139648,
        "q1": 12.151236534118652,
        "q3": 12.474630355834961,
        "iqr": 0.3233938217163086
      },
      "cleaned_stats": {
        "min": 11.926657676696777,
        "max": 12.824973106384277,
        "mean": 12.31736946105957,
        "std": 0.1443309634923935,
        "median": 12.312932968139648,
        "q1": 12.312932968139648,
        "q3": 12.312932968139648,
        "iqr": 0.0
      },
      "pct_missing": 52.066293585880324,
      "pct_outliers_clipped": 0.0,
      "clip_bounds": [
        11.666145324707031,
        12.959720611572266
      ],
      "median_imputed_value": 12.312932968139648,
      "tags": {}
    },
    {
      "band_index": 4,
      "raw_stats": {
        "min": 75.36857604980469,
        "max": 76.18604278564453,
        "mean": 75.79957580566406,
        "std": 0.17758643627166748,
        "median": 75.81773376464844,
        "q1": 75.67400360107422,
        "q3": 75.92552947998047,
        "iqr": 0.25152587890625
      },
      "cleaned_stats": {
        "min": 75.36857604980469,
        "max": 76.18604278564453,
        "mean": 75.80903625488281,
        "std": 0.12328449636697769,
        "median": 75.81773376464844,
        "q1": 75.81773376464844,
        "q3": 75.81773376464844,
        "iqr": 0.0
      },
      "pct_missing": 52.066293585880324,
      "pct_outliers_clipped": 0.0,
      "clip_bounds": [
        75.29671478271484,
        76.30281829833984
      ],
      "median_imputed_value": 75.81773376464844,
      "tags": {}
    }
  ],
  "cleaning": {
    "missing_strategy": "median_imputation",
    "outlier_strategy": "IQR_clipping_1.5",
    "notes": "Stats (cleaned_stats) computed after impute+clip."
  },
  "preview_png": "C:\\Users\\lalit\\new-forest-fire\\backend\\data\\kodagu\\kodagu_preprocessed_data\\Kodagu_2023_Apr10_15_preview.png"
}